text,label
"Trusted seller since 2021, vouches available, PM for menu",1
"Fresh drops available, limited slots today only",1
"Accounts come with full access, replacement guaranteed",1
"Bulk orders get priority handling, escrow supported",1
"Quiet delivery, no logs kept, serious buyers only",1
"New stock arrived, same quality as last batch",1
"Looking for long-term partners, reliable service provided",1
"Verified method, tested multiple times, works worldwide",1
"Customer feedback has been positive, check rep thread",1
"Fast turnaround, discreet communication preferred",1
"Established vendor with consistent service history",1
"Limited-time deal for repeat customers only",1
"Secure payment accepted, refunds if not satisfied",1
"High-quality service available, proof on request",1
"Exclusive access available, first come first serve",1
"Professional operation, no beginners please",1
"Resellers welcome, attractive commission offered",1
"Service tested across regions, global availability",1
"Returning customers get priority support",1
"Special offer ends tonight, message now",1
"Private channels only, avoid public comments",1
"Verified seller status across multiple forums",1
"Premium package released, improved features included",1
"Trusted operation with long-term clients",1
"Fast and reliable delivery, minimal delay",1
"Menu updated, previous buyers know the routine",1
"Service remains unchanged, same access method as before",1
"Escrow required for first interaction, details shared privately",1
"Operational again after short downtime, orders resumed",1
"Prefer contacts who understand the process already",1
"No walkthroughs provided, experienced users only",1
"Batch processed weekly, inquiries outside window ignored",1
"Repeat interactions prioritized over one-time requests",1
"Use the usual channel, no alternatives discussed here",1
"Quality controlled internally before release",1
"Avoid unnecessary questions, instructions are minimal",1
"Handling volume quietly this cycle",1
"Proof shared selectively based on history",1
"Coordination handled off-thread",1
"Access granted after initial verification step",1
"Do not mirror or repost this notice",1
"Standard terms apply as discussed previously",1
"Updates will not be announced publicly",1
"Communication restricted to predefined format",1
"Continuity maintained despite platform changes",1
"Terms remain consistent for returning contacts",1
"Updates shared only with established participants",1
"Engagement limited to vetted counterparts",1
"Operations adjusted to reduce visibility",1
"Distribution window closes once capacity is reached",1
"Follow prior instructions exactly, deviations ignored",1
"Availability confirmed for the current window only",1
"Interactions limited to previously cleared participants",1
"Requests evaluated before any response is issued",1
"Engagement paused once threshold volume is reached",1
"Details released incrementally after confirmation",1
"Prior alignment expected before initiating contact",1
"Responses delayed intentionally to manage exposure",1
"Activity structured to avoid unnecessary attention",1
"Instructions remain implicit, no clarifications offered",1
"Processing follows an internal sequence not explained here",1
"Follow-up only after initial acknowledgment",1
"Access continuity preserved across service cycles",1
"No onboarding provided at this stage",1
"Communication cadence determined internally",1
"Participation restricted during high-traffic periods",1
"Requests screened for familiarity with context",1
"Engagement terms remain implicit for returning entities",1
"Operational details abstracted by design",1
"Input accepted only during designated intervals",1
"Continuation assumes prior exposure to process",1
"Visibility intentionally reduced during peak phases",1
"Verification precedes any substantive exchange",1
"Repetition discouraged, references already provided",1
"Context assumed, explanations omitted",1
"Announcements circulated selectively",1
"Participation subject to internal criteria",1
"Message content expected to follow convention",1
"Interactions filtered before acknowledgment",1
"Access patterns monitored internally",1
"Responses reserved for aligned inquiries",1
"Continuation depends on prior compliance",1
"Operational scope adjusted dynamically to manage ongoing requests",1
"Activity synchronized externally to handle active demand",1
"Engagement framework remains unchanged for ongoing interactions",1
"Operational rhythm maintained discreetly during active cycles",1
"Scope restricted to known parameters for current participants",1
"Exchange deferred until validation completes",1
"Prior conduct influences response priority",1
"Participation capped intentionally",1
"Communication minimized by default",1
"Requests lacking context are ignored",1
"Engagement occurs only after alignment check",1
"Operational signals shared indirectly",1
"Sequence adherence required",1
"Activity remains low-profile by necessity",1
"Coordination abstracted from main channel",1
"Updates staggered intentionally",1
"Interaction history informs access level",1
"Process familiarity assumed without prompt",1
"Taking new requests for a short period, usual terms apply",1
"Available again after restock, returning contacts preferred",1
"Limited capacity this round, reach out early",1
"Processing requests in order of prior interaction",1
"Same arrangement as before, no changes announced",1
"How do dark web escrow systems work?",0
"Discussion on ethical hacking vs cybercrime",0
"Is Tor enough or should it be combined with VPN?",0
"Recent research on anonymity networks",0
"Learning how PGP encryption secures communication",0
"Career paths in cybersecurity and digital forensics",0
"Legal risks of browsing hidden services",0
"How law enforcement tracks darknet activity",0
"Academic study on online black markets",0
"Understanding blockchain use in privacy tools",0
"Vendor reviews are important before engaging",0
"Some markets disappeared after exit scams",0
"Always verify signatures before trusting sources",0
"Why do some marketplaces require escrow?",0
"How scams operate in underground forums",0
"Overview of online fraud prevention techniques",0
"Discussion on trust systems in online platforms",0
"Research on coordinated spam detection",0
"Cybersecurity threat intelligence overview",0
"How AI can help identify harmful online content",0
"Legal frameworks regulating digital marketplaces",0
"Awareness post on common online scam patterns",0
"Analysis of anonymity versus accountability",0
"Case study on shutdown of illegal marketplaces",0
"Educational guide on recognizing suspicious ads",0
"How trust evolves in anonymous online communities",0
"Research methods for studying hidden online networks",0
"Why reputation systems fail in low-moderation platforms",0
"Ethical boundaries in cybersecurity experimentation",0
"Comparative study of centralized vs decentralized markets",0
"How moderation policies shape online discussions",0
"Analyzing linguistic signals in covert communication",0
"Why some platforms discourage public replies",0
"Study on coordination without explicit organization",0
"Discussion on operational security best practices",0
"How anonymity impacts accountability online",0
"Examining signaling theory in digital interactions",0
"Impact of platform shutdowns on online communities",0
"How private channels affect information flow",0
"Case study on trust transfer across platforms",0
"Understanding implicit communication in forums",0
"Research on behavioral indicators of online scams",0
"How AI models detect intent beyond keywords",0
"Discussion on gray-area online marketplaces",0
"Academic overview of underground economy research",0
"Legal challenges in studying illicit online activity",0
"Distinguishing discussion from promotion in text analysis",0
"Frameworks for ethical data simulation",0
"Survey of anonymity-preserving technologies",0
"How anonymity reshapes online interaction norms",0
"Methodological challenges in studying closed communities",0
"Evaluating trust without identity disclosure",0
"Ethics of simulating illicit online behavior",0
"Language abstraction in high-risk environments",0
"Why indirect communication emerges under surveillance",0
"Comparative study of explicit versus implicit messaging",0
"Information asymmetry in anonymous systems",0
"Impact of moderation absence on discourse quality",0
"Analyzing intent without keyword dependence",0
"Behavioral modeling in constrained communication spaces",0
"Researching markets without direct observation",0
"How scarcity signaling affects online behavior",0
"Academic perspectives on covert coordination",0
"Studying reputation transfer across platforms",0
"How access control manifests linguistically",0
"Limits of surface-level text classification",0
"Understanding procedural language in forums",0
"Why minimalism appears in expert communities",0
"Distinguishing operational speech from discussion",0
"Intent inference in short-text environments",0
"Why explicit descriptions decline under risk",0
"Modeling evasive language patterns",0
"Textual indicators of controlled participation",0
"Frameworks for behavioral intent annotation",0
"Challenges of labeling gray-area content",0
"Why indirect phrasing improves survivability",0
"Semantic drift in underground communication",0
"Discourse adaptation under enforcement pressure",0
"Research design for ethically constrained domains",0
"How coordination emerges without commands",0
"Studying continuity after platform disruption",0
"Implicit signaling as a trust mechanism",0
"Operational language versus promotional language",0
"Analyzing procedural references in text",0
"Intent classification beyond sentiment analysis",0
"Understanding gated communication systems",0
"Effects of visibility reduction strategies",0
"How models detect structure without context",0
"Academic limits of keyword-based detection",0
"Studying restricted-access ecosystems",0
"Why covert systems value consistency",0
"Linguistic compression in risky environments",0
"Inferring hierarchy from text behavior",0
"Research challenges in implicit marketplaces",0
"Understanding behavioral regularities in forums",0
"Separating coordination from conversation",0
"Why experienced professionals prefer concise documentation in research",0
"Why experts avoid redundancy in academic writing",0
"How silence is interpreted in sociolinguistic studies",0

